{
  "project_info": {
    "project_number": "397622409038",
    "firebase_url": "https://hplanner-254aa.firebaseio.com",
    "project_id": "hplanner-254aa",
    "storage_bucket": "hplanner-254aa.appspot.com"
  },
  "client": [
    {
      "client_info": {
        "mobilesdk_app_id": "1:397622409038:android:9022817ed2ed1be8",
        "android_client_info": {
          "package_name": "com.example.des.hp"
        }
      },
      "oauth_client": [
        {
          "client_id": "397622409038-uhisn50uqo78g4vuonqclt7jl2irap8f.apps.googleusercontent.com",
          "client_type": 3
        }
      ],
      "api_key": [
        {
          "current_key": "AIzaSyDDtIYew34hEwR_5PPXG2TK8HD_HHaNXuc"
        }
      ],
      "services": {
        "analytics_service": {
          "status": 1
        },
        "appinvite_service": {
          "status": 1,
          "other_platform_oauth_client": []
        },
        "ads_service": {
          "status": 2
        }
      }
    }
  ],
  "configuration_version": "1"
}